<!--
This file is part of the pestudio solution (www.winitor.com).
Any usage of this file outside of the context of pestudio (e.g. in third-party application, tools chain, etc...) must be explicitely authorized.

Please note that this file will be modified when running pestudio.
-->
<xml version="1.0" encoding="utf-8">
  <langs>
    <lang id="0x0C00" fl="0">neutral</lang>
    <lang id="0x1400" fl="0">neutral</lang>
    <lang id="0x007F" fl="0">neutral</lang>
    <lang id="0x0000" fl="0">neutral</lang>
    <lang id="0x0800" fl="0">neutral</lang>
    <lang id="0x1000" fl="0">neutral</lang>
    <lang id="0x080c" fl="1">french-Belgium</lang>
    <lang id="0x0C0C" fl="1">french-Canada</lang>
    <lang id="0x040c" fl="0">french-France</lang>
    <lang id="0x140C" fl="0">french-Luxembourg</lang>
    <lang id="0x180C" fl="0">french-Monaco</lang>
    <lang id="0x100C" fl="0">french-Switzerland</lang>
    <lang id="0x2801" fl="1">Syria</lang>
    <lang id="0x0401" fl="1">Saudi Arabia</lang>
    <lang id="0x0436" fl="0">afrikaans</lang>
    <lang id="0x041C" fl="1">albanian</lang>
    <lang id="0x0484" fl="0">alsatian</lang>
    <lang id="0x045E" fl="0">amharic</lang>
    <lang id="0x1401" fl="0">arabic</lang>
    <lang id="0x3C01" fl="0">arabic-Bahrain</lang>
    <lang id="0x0C01" fl="0">arabic-Egypt</lang>
    <lang id="0x0801" fl="0">arabic-Iraq</lang>
    <lang id="0x2C01" fl="0">arabic-Jordan</lang>
    <lang id="0x3401" fl="0">arabic-Kuwait</lang>
    <lang id="0x3001" fl="0">arabic-Lebanon</lang>
    <lang id="0x1001" fl="0">arabic-Libya</lang>
    <lang id="0x1801" fl="0">arabic-Morocco</lang>
    <lang id="0x2001" fl="0">arabic-Oman</lang>
    <lang id="0x4001" fl="0">arabic-Qatar</lang>
    <lang id="0x0401" fl="0">arabic-Saudi</lang>
    <lang id="0x2801" fl="0">arabic-Syria</lang>
    <lang id="0x1C01" fl="0">arabic-Tunisia</lang>
    <lang id="0x3801" fl="0">arabic-UAE</lang>
    <lang id="0x042B" fl="0">Armenian</lang>
    <lang id="0x044D" fl="0">Assamese</lang>
    <lang id="0x082C" fl="0">Azeri</lang>
    <lang id="0x0445" fl="0">Bangla</lang>
    <lang id="0x046D" fl="0">Bashkir</lang>
    <lang id="0x042D" fl="0">Basque</lang>
    <lang id="0x0423" fl="0">Belarusian</lang>
    <lang id="0x781A" fl="1">Bosnian</lang>
    <lang id="0x201A" fl="1">Bosnian</lang>
    <lang id="0x047E" fl="1">Breton</lang>
    <lang id="0x0402" fl="0">Bulgarian</lang>
    <lang id="0x0492" fl="0">Central Kurdish</lang>
    <lang id="0x045C" fl="0">Cherokee</lang>
    <lang id="0x0403" fl="0">Catalan</lang>
    <lang id="0x0C04" fl="1">chinese-Hong Kong</lang>
    <lang id="0x1404" fl="1">chinese-Macao SAR</lang>
    <lang id="0x1004" fl="1">chinese-Singapore</lang>
    <lang id="0x0804" fl="1">chinese-simplified</lang>
    <lang id="0x0404" fl="1">chinese-traditional</lang>
    <lang id="0x0483" fl="0">Corsican</lang>
    <lang id="0x001A" fl="0">Croatian-neutral</lang>
    <lang id="0x101A" fl="0">Croatian-Bosnia-Herzegovina</lang>
    <lang id="0x041A" fl="0">Croatian-Croatia</lang>
    <lang id="0x0405" fl="1">Czech</lang>
    <lang id="0x0406" fl="0">Danish-Denmark</lang>
    <lang id="0x048C" fl="1">Dari</lang>
    <lang id="0x0465" fl="1">Divehi-Maldives </lang>
    <lang id="0x0813" fl="0">Belgium-Dutch</lang>
    <lang id="0x0413" fl="0">netherlands</lang>
    <lang id="0x0409" fl="0">English-US</lang>
    <lang id="0x0C09" fl="0">English-Australia</lang>
    <lang id="0x2809" fl="0">English-Belize</lang>
    <lang id="0x1009" fl="0">English-Canada</lang>
    <lang id="0x2409" fl="0">English-Caribbean</lang>
    <lang id="0x4009" fl="0">English-India</lang>
    <lang id="0x1809" fl="0">English-Ireland</lang>
    <lang id="0x1809" fl="0">English-Ireland</lang>
    <lang id="0x2009" fl="0">English-Jamaica</lang>
    <lang id="0x4409" fl="0">English-Malaysia</lang>
    <lang id="0x1409" fl="0">English-new-Zealand</lang>
    <lang id="0x3409" fl="0">English-Philippines</lang>
    <lang id="0x4809" fl="0">English-Singapore</lang>
    <lang id="0x1c09" fl="0">English-South-Africa</lang>
    <lang id="0x2C09" fl="0">English-Trinidad-Tobago</lang>
    <lang id="0x0809" fl="0">English-UK</lang>
    <lang id="0x3009" fl="0">English-Zimbabwe</lang>
    <lang id="0x0425" fl="0">Estonian</lang>
    <lang id="0x0438" fl="0">Faroese</lang>
    <lang id="0x0464" fl="0">Filipino</lang>
    <lang id="0x040B" fl="0">Finnish</lang>
    <lang id="0x0462" fl="0">Frisian</lang>
    <lang id="0x0456" fl="0">Galician</lang>
    <lang id="0x0437" fl="0">Georgian</lang>
    <lang id="0x0400" fl="0">neutral</lang>
    <lang id="0x0407" fl="0">German</lang>
    <lang id="0x0C07" fl="0">German-Austria</lang>
    <lang id="0x1407" fl="0">German-Lichtenstein</lang>
    <lang id="0x1007" fl="0">German-Luxembourg</lang>
    <lang id="0x0807" fl="0">German-Switzerland</lang>
    <lang id="0x0408" fl="0">Greek</lang>
    <lang id="0x046F" fl="0">Greenlandic</lang>
    <lang id="0x0447" fl="0">Gujarati</lang>
    <lang id="0x0468" fl="0">Hausa</lang>
    <lang id="0x0475" fl="1">Hawiian</lang>
    <lang id="0x040D" fl="0">Hebrew</lang>
    <lang id="0x0439" fl="0">Hindi</lang>
    <lang id="0x040E" fl="0">Hungarian</lang>
    <lang id="0x040F" fl="0">Icelandic</lang>
    <lang id="0x0470" fl="0">Igb</lang>
    <lang id="0x0421" fl="0">Indonesian</lang>
    <lang id="0x085D" fl="0">Inuktitut</lang>
    <lang id="0x083C" fl="0">Irish</lang>
    <lang id="0x0434" fl="0">isiXhosa</lang>
    <lang id="0x0435" fl="0">isiZulu</lang>
    <lang id="0x0410" fl="0">Italian</lang>
    <lang id="0x0411" fl="0">Japanese</lang>
    <lang id="0x044B" fl="0">Kannada</lang>
    <lang id="0x043F" fl="0">Kazakh</lang>
    <lang id="0x0453" fl="0">Khmer</lang>
    <lang id="0x0486" fl="0">Kiche</lang>
    <lang id="0x0487" fl="0">Kinyarwanda</lang>
    <lang id="0x0457" fl="0">Konkani</lang>
    <lang id="0x0412" fl="1">Korean</lang>
    <lang id="0x0440" fl="0">Kyrgyz</lang>
    <lang id="0x0454" fl="0">Lao</lang>
    <lang id="0x0426" fl="0">Latvian</lang>
    <lang id="0x0427" fl="0">Lithuanian</lang>
    <lang id="0x082E" fl="0">Lower-Sorbian</lang>
    <lang id="0x046E" fl="0">Luxembourgish</lang>
    <lang id="0x042F" fl="0">Macedonian</lang>
    <lang id="0x083E" fl="0">Malay</lang>
    <lang id="0x044C" fl="0">Malayalam</lang>
    <lang id="0x043A" fl="0">Maltese</lang>
    <lang id="0x0481" fl="1">Maori</lang>
    <lang id="0x047A" fl="0">Mapudungun</lang>
    <lang id="0x044E" fl="0">Marathi</lang>
    <lang id="0x047C" fl="0">Mohawk</lang>
    <lang id="0x0450" fl="0">Mongolian</lang>
    <lang id="0x0461" fl="0">nepali</lang>
    <lang id="0x0414" fl="0">norwegian</lang>
    <lang id="0x0482" fl="0">Occitan</lang>
    <lang id="0x0448" fl="0">Oriya</lang>
    <lang id="0x0463" fl="0">Pashto</lang>
    <lang id="0x0429" fl="0">Persian</lang>
    <lang id="0x0415" fl="0">Polish</lang>
    <lang id="0x0416" fl="0">Portuguese</lang>
    <lang id="0x0867" fl="0">Pular</lang>
    <lang id="0x0446" fl="0">Punjabi</lang>
    <lang id="0x046B" fl="0">Quechua</lang>
    <lang id="0x0418" fl="1">Romanian</lang>
    <lang id="0x0417" fl="0">Romansh</lang>
    <lang id="0x0419" fl="1">Russian</lang>
    <lang id="0x0485" fl="0">Sakha</lang>
    <lang id="0x243B" fl="0">Sami</lang>
    <lang id="0x103B" fl="0">Sami</lang>
    <lang id="0x0C3B" fl="0">Sami</lang>
    <lang id="0x203B" fl="0">Sami</lang>
    <lang id="0x183B" fl="0">Sami</lang>
    <lang id="0x044F" fl="0">Sanskrit</lang>
    <lang id="0x7C1A" fl="0">Serbian</lang>
    <lang id="0x046C" fl="0">Sesotho-Leboa</lang>
    <lang id="0x0832" fl="0">Setswana-Tswana</lang>
    <lang id="0x0859" fl="0">Sindhi</lang>
    <lang id="0x045B" fl="0">Sinhala</lang>
    <lang id="0x041B" fl="1">Slovak</lang>
    <lang id="0x0424" fl="1">Slovenian</lang>
    <lang id="0x2C0A" fl="0">Spanish</lang>
    <lang id="0x400A" fl="0">Spanish-Bolivia</lang>
    <lang id="0x340A" fl="0">Spanish-Chile</lang>
    <lang id="0x240A" fl="0">Spanish-Colombia</lang>
    <lang id="0x140A" fl="0">Spanish-Costa-Rica</lang>
    <lang id="0x1C0A" fl="0">Spanish-Dominican-Republic</lang>
    <lang id="0x300A" fl="0">Spanish-Ecuador</lang>
    <lang id="0x440A" fl="0">Spanish-El-Salvador</lang>
    <lang id="0x100A" fl="0">Spanish-Guatemala</lang>
    <lang id="0x480A" fl="0">Spanish-Honduras</lang>
    <lang id="0x080A" fl="0">Spanish-Mexico</lang>
    <lang id="0x4C0A" fl="0">Spanish-nicaragua</lang>
    <lang id="0x180A" fl="0">Spanish-Panama</lang>
    <lang id="0x3C0A" fl="0">Spanish-Paraguay</lang>
    <lang id="0x280A" fl="0">Spanish-Peru</lang>
    <lang id="0x500A" fl="0">Spanish-Puerto-Rico</lang>
    <lang id="0x0C0A" fl="0">Spanish-Spain</lang>
    <lang id="0x040A" fl="0">Spanish-Traditional</lang>
    <lang id="0x540A" fl="0">Spanish-United-States</lang>
    <lang id="0x380A" fl="0">Spanish-Uruguay</lang>
    <lang id="0x200A" fl="0">Spanish-Venezuela</lang>
    <lang id="0x0441" fl="0">swahili</lang>
    <lang id="0x081D" fl="0">swedish</lang>
    <lang id="0x041D" fl="0">Swedish</lang>
    <lang id="0x045A" fl="0">Syria</lang>
    <lang id="0x0428" fl="0">Tajik</lang>
    <lang id="0x085F" fl="0">Tamazight</lang>
    <lang id="0x0449" fl="0">Tamil</lang>
    <lang id="0x0444" fl="0">Tatar</lang>
    <lang id="0x044A" fl="1">Telugu</lang>
    <lang id="0x041E" fl="0">Thai</lang>
    <lang id="0x0451" fl="0">Tibetan</lang>
    <lang id="0x0873" fl="0">Tigrinya</lang>
    <lang id="0x041F" fl="0">Turkish</lang>
    <lang id="0x0442" fl="0">Turkmen</lang>
    <lang id="0x0422" fl="0">Ukrainian</lang>
    <lang id="0x042E" fl="0">Upper-Sorbian</lang>
    <lang id="0x0820" fl="0">Urdu</lang>
    <lang id="0x0480" fl="0">Uyghur</lang>
    <lang id="0x0843" fl="0">Uzbek</lang>
    <lang id="0x0803" fl="0">Valencian</lang>
    <lang id="0x042A" fl="0">Vietnamese</lang>
    <lang id="0x0452" fl="0">Welsh</lang>
    <lang id="0x0488" fl="0">Wolof</lang>
    <lang id="0x0478" fl="0">Yi</lang>
    <lang id="0x046A" fl="0">Yoruba</lang>
  </langs>

  <cps>
    <cp id="037">IBM EBCDIC US-Canada</cp>
    <cp id="437">OEM United States</cp>
    <cp id="500">IBM EBCDIC International</cp>
    <cp id="708">arabic</cp>
    <cp id="709">arabic</cp>
    <cp id="710">arabic</cp>
    <cp id="720">arabic</cp>
    <cp id="737">OEM Greek)</cp>
    <cp id="775">OEM Baltic</cp>
    <cp id="850">OEM Multilingual Latin 1</cp>
    <cp id="852">OEM Latin 2</cp>
    <cp id="855">OEM Cyrillic (primarily Russian)</cp>
    <cp id="857">OEM Turkish</cp>
    <cp id="858">OEM Multilingual Latin 1 + Euro symbol</cp>
    <cp id="860">OEM Portuguese</cp>
    <cp id="861">OEM Icelandic</cp>
    <cp id="862">OEM Hebrew</cp>
    <cp id="863">OEM french Canadian</cp>
    <cp id="864">OEM arabic</cp>
    <cp id="865">OEM nordic</cp>
    <cp id="866">OEM Russian</cp>
    <cp id="869">OEM Modern Greek</cp>
    <cp id="870">IBM EBCDIC Multilingual</cp>
    <cp id="874">ANSI/OEM Thai</cp>
    <cp id="875">EBCDIC Greek Modern</cp>
    <cp id="932">ANSI/OEM Japanese</cp>
    <cp id="936">ANSI/OEM Simplified chinese</cp>
    <cp id="949">ANSI/OEM Korean</cp>
    <cp id="950">ANSI/OEM Traditional chinese</cp>
    <cp id="1026">IBM EBCDIC Turkish (Latin 5)</cp>
    <cp id="1047">IBM EBCDIC Latin 1/Open System</cp>
    <cp id="1140">IBM EBCDIC US-Canada</cp>
    <cp id="1141">IBM EBCDIC Germany</cp>
    <cp id="1142">IBM EBCDIC Denmark-Norway</cp>
    <cp id="1143">IBM EBCDIC Finland-Sweden</cp>
    <cp id="1144">IBM EBCDIC Italy</cp>
    <cp id="1145">IBM EBCDIC Latin America-Spain</cp>
    <cp id="1146">IBM EBCDIC United Kingdom</cp>
    <cp id="1147">IBM EBCDIC France</cp>
    <cp id="1148">IBM EBCDIC International</cp>
    <cp id="1149">IBM EBCDIC Icelandic</cp>
    <cp id="1200">Unicode UTF-16, little endian</cp>
    <cp id="1201">Unicode UTF-16, big endian</cp>
    <cp id="1250">ANSI Central European</cp>
    <cp id="1251">ANSI Cyrillic</cp>
    <cp id="1252">ANSI Latin 1</cp>
    <cp id="1253">ANSI Greek</cp>
    <cp id="1254">ANSI Turkish</cp>
    <cp id="1255">ANSI Hebrew</cp>
    <cp id="1256">ANSI arabic</cp>
    <cp id="1257">ANSI Baltic</cp>
    <cp id="1258">ANSI/OEM Vietnamese</cp>
    <cp id="1361">Korean (Johab)</cp>
    <cp id="10000">MAC Roman</cp>
    <cp id="10001">Japanese (Mac)</cp>
    <cp id="10002">MAC Traditional chinese (Big5)</cp>
    <cp id="10003">Korean</cp>
    <cp id="10004">arabic</cp>
    <cp id="10005">Hebrew</cp>
    <cp id="10006">Greek</cp>
    <cp id="10007">Cyrillic</cp>
    <cp id="10008">MAC Simplified chinese</cp>
    <cp id="10010">Romanian</cp>
    <cp id="10017">Ukrainian</cp>
    <cp id="10021">Thai</cp>
    <cp id="10029">MAC Latin 2</cp>
    <cp id="10079">Icelandic</cp>
    <cp id="10081">Turkish</cp>
    <cp id="10082">Croatian</cp>
    <cp id="12000">UTF-32, little endian</cp>
    <cp id="12001">Unicode UTF-32, big endian</cp>
    <cp id="20000">CNS Taiwan</cp>
    <cp id="20001">TCA Taiwan</cp>
    <cp id="20002">Eten Taiwan</cp>
    <cp id="20003">IBM5550 Taiwan</cp>
    <cp id="20004">TeleText Taiwan</cp>
    <cp id="20005">Wang Taiwan</cp>
    <cp id="20105">IRV International Alphabet</cp>
    <cp id="20106">IA5 German</cp>
    <cp id="20107">IA5 Swedish</cp>
    <cp id="20108">IA5 norwegian</cp>
    <cp id="20127">US-ASCII</cp>
    <cp id="20261">T.61</cp>
    <cp id="20269">ISO 6937 non-Spacing Accent</cp>
    <cp id="20273">IBM EBCDIC Germany</cp>
    <cp id="20277">IBM EBCDIC Denmark-norway</cp>
    <cp id="20278">IBM EBCDIC Finland-Sweden</cp>
    <cp id="20280">IBM EBCDIC Italy</cp>
    <cp id="20284">IBM EBCDIC Latin America-Spain</cp>
    <cp id="20285">IBM EBCDIC United Kingdom</cp>
    <cp id="20290">IBM EBCDIC Japanese Katakana Extended</cp>
    <cp id="20297">IBM EBCDIC France</cp>
    <cp id="20420">IBM EBCDIC arabic</cp>
    <cp id="20423">IBM EBCDIC Greek</cp>
    <cp id="20424">IBM EBCDIC Hebrew</cp>
    <cp id="20833">IBM EBCDIC Korean Extended</cp>
    <cp id="20838">IBM EBCDIC Thai</cp>
    <cp id="20866">Russian</cp>
    <cp id="20871">IBM EBCDIC Icelandic</cp>
    <cp id="20880">IBM EBCDIC Cyrillic Russian</cp>
    <cp id="20905">IBM EBCDIC Turkish</cp>
    <cp id="20924">IBM EBCDIC Latin</cp>
    <cp id="20932">Japanese</cp>
    <cp id="20936">Simplified chinese</cp>
    <cp id="20949">Korean Wansung</cp>
    <cp id="21025">IBM EBCDIC Cyrillic Serbian-Bulgarian</cp>
    <cp id="21027">deprecated</cp>
    <cp id="21866">Ukrainian (KOI8-U)</cp>
    <cp id="28591">ISO 8859-1 Latin 1</cp>
    <cp id="28592">ISO 8859-2 Central European</cp>
    <cp id="28593">ISO 8859-3 Latin 3</cp>
    <cp id="28594">ISO 8859-4 Baltic</cp>
    <cp id="28595">ISO 8859-5 Cyrillic</cp>
    <cp id="28596">ISO 8859-6 arabic</cp>
    <cp id="28597">SO 8859-7 Greek</cp>
    <cp id="28598">ISO 8859-8 Hebrew</cp>
    <cp id="28599">ISO 8859-9 Turkish</cp>
    <cp id="28603">ISO 8859-13 Estonian</cp>
    <cp id="28605">ISO 8859-15 Latin 9</cp>
    <cp id="29001">Europa 3</cp>
    <cp id="38598">ISO 8859-8 Hebrew</cp>
    <cp id="50220">ISO 2022 Japanese</cp>
    <cp id="50221">ISO 2022 Japanese</cp>
    <cp id="50222">ISO 2022 Japanese</cp>
    <cp id="50225">ISO 2022 Korean</cp>
    <cp id="50227">ISO 2022 Simplified chinese</cp>
    <cp id="50229">ISO 2022 Traditional chinese</cp>
    <cp id="50930">EBCDIC Japanese Extended</cp>
    <cp id="50931">EBCDIC US-Canada and Japanese</cp>
    <cp id="50933">EBCDIC Korean Extended and Korean</cp>
    <cp id="50935">EBCDIC Simplified chinese Extended and Simplified chinese</cp>
    <cp id="50936">EBCDIC Simplified chinese</cp>
    <cp id="50937">EBCDIC US-Canada and Traditional chinese</cp>
    <cp id="50939">EBCDIC Japanese (Latin) Extended and Japanese</cp>
    <cp id="51932">EUC Japanese</cp>
    <cp id="51936">EUC Simplified chinese</cp>
    <cp id="51949">EUC Korean</cp>
    <cp id="51950">EUC Traditional chinese</cp>
    <cp id="52936">HZ-GB2312 Simplified chinese</cp>
    <cp id="54936">GB18030 Simplified chinese</cp>
    <cp id="57002">ISCII Devanagari</cp>
    <cp id="57003">ISCII Bengali</cp>
    <cp id="57004">ISCII Tamil</cp>
    <cp id="57005">ISCII Telugu</cp>
    <cp id="57006">ISCII Assamese</cp>
    <cp id="57007">ISCII Oriya</cp>
    <cp id="57008">ISCII Kannada</cp>
    <cp id="57009">ISCII Malayalam</cp>
    <cp id="57010">ISCII Gujarati</cp>
    <cp id="57011">ISCII Punjabi</cp>
    <cp id="65000">Unicode (UTF-7)</cp>
    <cp id="65001">Unicode (UTF-8)</cp>
  </cps>

</xml>
